"mean","se","time"
0.614656914935209,0.152576030799861,"0"
0.838291087043797,0.150427685615642,"1"
0.874350441390894,0.162707549700145,"2"
