"mean","se","time"
0.815532636760423,0.200779359950474,"0"
1.22999667749352,0.176876698487005,"1"
1.23428510714594,0.183860162873298,"2"
